<?xml version="1.0" encoding="UTF-8"?>
<!DOCTYPE mapper
  PUBLIC "-//mybatis.org//DTD Mapper 3.0//EN"
  "https://mybatis.org/dtd/mybatis-3-mapper.dtd">
  
  <mapper namespace="com.ottt.ottt.dao.review.reviewMapper">

	<delete id="delete" parameterType="map">
	  		delete from tb_review 
	  		where review_no = #{review_no} and user_no = #{user_no}
	</delete>
  	
  	<update id="update" parameterType="ReviewDTO" >
	  		update tb_review set review_content=#{review_content}
			where review_no=#{review_no} and user_no=#{user_no}
	 </update>
	 
	 
	 <insert id="insert" parameterType="ReviewDTO">
	  		insert into tb_review (user_no, rating , review_content)
			values (#{user_no}, #{rating}, #{review_content})
	 </insert>
	  	
	<select id="count" resultType="int">
		select count(*) from tb_review
	</select>

	<select id="selectAll" resultType="ReviewDTO">
		select user_nicknm, rating, review_content, review_no, tb_review.user_no, review_no
		from tb_review, tb_user
		where tb_review.user_no = tb_user.user_no
		order by review_no DESC
	</select>          
  	
</mapper>