<?xml version="1.0" encoding="UTF-8"?>
<!DOCTYPE configuration
  PUBLIC "-//mybatis.org//DTD Config 3.0//EN"
  "https://mybatis.org/dtd/mybatis-3-config.dtd">
  
<configuration>
  	<typeAliases>
  		<typeAlias type="com.ottt.ottt.dto.UserDTO" alias="UserDTO"/>
  		<typeAlias type="com.ottt.ottt.dto.UserOTTDTO" alias="UserOTTDTO"/>
  		<typeAlias type="com.ottt.ottt.domain.SearchItem" alias="SearchItem"/>
  		<typeAlias type="com.ottt.ottt.dto.ArticleDTO" alias="ArticleDTO"/>
  		<typeAlias type="com.ottt.ottt.dto.ReviewDTO" alias="ReviewDTO"/>
  		<typeAlias type="com.ottt.ottt.dto.ContentDTO" alias="ContentDTO"/>
  		<typeAlias type="com.ottt.ottt.dto.GenreDTO" alias="GenreDTO"/>
  		<typeAlias type="com.ottt.ottt.dto.CategoryDTO" alias="CategoryDTO"/>
  		<typeAlias type="com.ottt.ottt.dto.ContentGenreDTO" alias="ContentGenreDTO"/>
  		<typeAlias type="com.ottt.ottt.dto.ContentCategoryDTO" alias="ContentCategoryDTO"/>
  		<typeAlias type="com.ottt.ottt.dto.EndServiceDTO" alias="EndServiceDTO"/>
  	</typeAliases>
  </configuration>